5001,oPcIlY+UJebYl1anow8H1DTDymuRA4KqCPU2bCPqeCQ=,npuba8jadtbbecsrqcext8kcm3y2u7mkri2ra9kdjs8kpqishaxkbd4vn5bd7j6cjeistfy8rm5h
5002,QY4m4AOsvsBxRjgYsdVC2AHiAOBPXv+Gu7/pih3F+1M=,npuba8jadtbbeba26jzaaqym7sdti26btnqximnad2sa6bhx796gzq98vcs72z7xh8gjjcsw5p2c
5003,YqdmCSG1scaxElrF69wRJx8gsCoTGIruFwIRzNwNaRE=,npuba8jadtbbebtkq3sjeg45dtxtcjpnm486cevt8ifsfijttczqc6bbdvg6bxwtcshu7tqwiv8z
5004,fdr/jzvVYfyA08Gu4be6+xZxaFXtm4E1gauwIcUY6/E=,npuba8jadtbbeb87x96rhrkyd9ea4ra472pzzm7tn6mikzy3zajxsgx5aiqfddx9dc69868nrvnh
5005,6fbzAdyv+kQBmYMC8TnvQtFlAjipng6mQPou7jN9gMk=,npuba8jadtbbedw9p62b5uz9wtabvgbsf6j377bpc3ichcw36dxgid7c75tvryanvdqprnwsgyau
5006,X9KR2GhOnIYZ+dCYe7DAeFC6ucmA/mrgvrvFlNO8H/M=,npuba8jadtbbebr7feq2pbhj3bs39hijs87s2b6fbqx33gar64zaz476mfgvzsr9hq2be45hdhtd
5007,9wa/MBDKxb0bMZTJg1GfdyehZL9N1qBh3F3ZdwUlpko=,npuba8jadtbbed5spr3scdfnmri5ggknva4tv75urimez7g7pidb5tq7u72feyvewybeyygrgwg7
5008,AnTilLd/SnYJPmhmFPW2lz1W2gMOuAFKBEbBLoxIZpg=,npuba8jadtbbeabhj2wwy79ww7sjh3wgnfhxy4mv4xy4anhmsakkatdncmwnjbvjszmcmxt2jvqj
5009,YcPk1OCHH5F1MAsFvxEDKur4BtjNV3RkGTtp0Bft/L0=,npuba8jadtbbebs6h3gw6cdt9emxgafsmr2tanxqx8ag5dgxq7dede7yvwaz7z8m5z2hgdug7z4x
5010,DJr+JTAwDG6LD1XFbosDHzMSt/Xn9TCb0xFUqUmXWW8=,npuba8jadtbbeagjx9tfga2a25wmb7k6k5wmanrvgexz8zv9kne54nixjkkju7ny86cr9jrzh8pi
5011,HhWWSewoHru4ekMUo3YilNMcrw2stvX714N7vWfCoXU=,npuba8jadtbbearbmfuj7swb7q72rjbtji5yekkpghfrbyymp7r548bzzrmh2kszmz3pt2wn7945
5012,kIUkk12G0KftnhUm5JahfStdIVy8XY9+AaTIdhBcpvo=,npuba8jadtbbeciikjevmydpbj9pv2kup3eywf8uyzjbmu8f5d58aguns7ssmuvrwmuhjuz95ysx
5013,UkIK1pOMoHEJHAihd/PTvkMJtWFAvY7jrZ1gvPp9o1A=,npuba8jadtbbebjeecyyuqgka6ijdsekc79v4q9egcpxnfam5dzdxyqybrh4rytxbqh98zifeizs
5014,XFLBSpWZ4Zp+OLJBGKu9FHNxJsbUVZTeukFdrYnIJG8=,npuba8jadtbbebqffskkuyn8dgv8hc3ecgfmzwkhg6jg25kfmfg8zjax5mnj3aug8ets3fr4r6yp
5015,/98lMtIwQBoGkyFyWiDWcvInVuJDDOD4Gnui1NjXMh0=,npuba8jadtbbed978jju4i2eagsgunszeyta433rej4y6jbs32h2dj74fxg2463b4yh542hp7mrc
5016,DCfsiri7lhTWUtFEFIyfzd01YWq3uKtEBgNFhiozSww=,npuba8jadtbbeagcr5ekzc73nfgykmiwifenv9g74pmbpk55tk4ea2bwmbtkgpfs3dvyhbssq7xy
5017,MYPWr8Ow5hvETxH7l+f0c/bWrcQbrAzvZ7Y9UEynl8Q=,npuba8jadtbbea22hxxr2q2qng8ej6i9zf9h8t39pxxp2sp42dhrn85d4wcnw8m6jv8gi5nf434c
5018,JpuAMrZUDMSyBAHrCYAoyTqgMVDL9f8DXjFPARwmUIc=,npuba8jadtbbeavjzabuy3ka3tfuasa8ycnafdevxibtkdf9m92dm22w8ai6e3iiq5ymbuhjcqqs
5019,zs+VxsAq/ngdeHtVVtTZc1jjyOQmh9g5IGMNSu8wkSk=,npuba8jadtbbedhn9fqg2axr68a7rb7xkxyw5f3xt28i6sviryb3ebts4uzrgciuutarsvxkkf7h
5020,NSPlgTC2VI4gTbEo/5ue0gF0qQ+vi+RdYbxhL2S6FJs=,npuba8jadtbbea4uh3nbgc5fjdtajy2ut965v5jac7fjb8z2z3c7ng8gcm5ezikjzrbtsjx29mtk
5021,BKFLcZutwIGKUBzJI5bAJdnPGwchUXMmNI0cRadhsQY=,npuba8jadtbbeackcu5tvqy6bankkaqnui6y2au7vv25a6sxc63ggugt2tphng2sphgeqkjhp7as
5022,3mSqe9Ub5AqpoCF+WYz8lCgWjc/kfKQkdwu3GgTjvXA=,npuba8jadtbbedrgjkv54wp8icxjwasz6ynn9ukcsfwp39uh3jbeq6f5qgse6q8zathabe5nrtp2
5023,MCUYompfq0YUhdrpfvkQGIHwFI4hFIm4iCEyuZL7Z50=,npuba8jadtbbea2ckgfcpjr4ytswszpqu9z3canid6awt2stjcp2tasvfqnu9pv34zw4sxhzdjzk
5024,7zdspxVX3wGUNyZ+VlqOAvS8ga7DcGwJmabFf+vS4VI=,npuba8jadtbbedzvq5fhcxm78anwg6vh6xu4t2brjrebx5bza5ajvgvnk99m4msxe6vnifg4abp2
5025,SXskmuVy8LNve7cYeVtWCJ59vYo4cCsXQSdLiP87TTg=,npuba8jadtbbebezyje46x3rbn5rrq5ts8k5k2ej69p7ti6hak2zievwzch9hpgvs3a2b8n2rydr
5026,VzDzyW2FfKCu3AqQ6cp0tf2PCd3/TbbuJG71QqdLcZ8=,npuba8jadtbbebmvb68jpycz3ifq5sfjb4qkqu495d2j5z9w5pzqetzrksxhjp23842wdm22t5na
5027,sAMKc1um5NY8B95Kzt/hhj3GTslRM5TWMmJl2ZQF4RM=,npuba8jadtbbec2agcvvmqvqjxt6a9rexvy96gdd5tuq3fivhfgygjtgmynwazstgtadvb2zfmv5
5028,Epq42PafCAJeKhaUUPlQIfG4lhROVHfnSgl7ewczf2U=,npuba8jadtbbeajjxqg284rssau8fimjiwh3kas9dqeycthfi79hjiezy82hgp9ymfhw8hgccb9k
5029,MQctKlNbM1f7NrdHVrA1MfpTlOJnr3/8kWGb15kxZrI=,npuba8jadtbbea2sqmjkkppvgx95g45wqxxsgw29ww6w6jv48996ufs3zx63gfvmf3hzcx3znr9r
5030,fWjX5m3YWSwJLrwcfQr54b7EiM6M7i2COZE7SNkHXw8=,npuba8jadtbbeb8ytx9gpznfumajf48b29ik9hs57tei34gq6mnchgivyug3a7rs9hgv2u5xqf4r
5031,+CSzwKikjimNMGceY/nYrNzD7W9qaOb0Nw9Fo+NUyCY=,npuba8jadtbbed6cjn8axcui6knpgbvt62935cyp3s9pp7xgt3zwg6hwmi9dkvecnzr4z2uxwmxb
5032,765hBHSzvE4V+thHQQiL1G2SLvtw3E8LvmMVEKYZPo4=,npuba8jadtbbedz462iequ352vsx9mneqsiitrkg5etq9p2p2v2mz3ttkefgde9i6wdkvaxahz4a
5033,/PpGViX681PtcYGVCWuPUVO0kTJsNvFCGGfUFT6IJDo=,npuba8jadtbbed8rwtuyez7rgw9pqga3kcmmt7ixhpetgjydp6kcdbv7ifj8taudwduhjd9a4ap7
5034,hKlANhvkKWaU6HYZfqZraZp3FxIeqnpYFUmKXSWGdrc=,npuba8jadtbbecckusbydrucu3ww7b5bu9xgppw3w72zcirkw8u2cxe2wzjfs35mq97nbaqgm4dh
5035,k/2a7RQQZGUas4bytucL/OIocvxRFKtpeSlgeU6SQrM=,npuba8jadtbbecj95gzpcsigi3i4yqdrfpzhbr8qekdu9titjk5jrewya8kqujbmhpvg3fnm35x5
5036,zAF3luPjDKazx/FPa+M9LLYGFdEzJAB7GVo74Edq6n8=,npuba8jadtbbedgac76y6rts3jxv292w849dhwymnbsx4e3uiad5dfpdz2chpmxh82i5a8u9h87a
5037,mPW88pMEqkxse1WvegxhBf6VhkVX8LBvF01GaDwJRjo=,npuba8jadtbbecnrmrhuunckwvdnrpk488snnec97fngixm9bndrc7gwn4b6bfddx6rdwih6svtx
5038,55bcMTdQVt9GVYjum3LJ4sOq2dhA3ABYpcmIeteuao0=,npuba8jadtbbedv3pzbtg7ifpz4gkyeq7g5u3htnhky35bap2ac2wze2s8yzx3xi5g5adejhinax
5039,SpxjAW6aqfwY90RgEMSQ1hMhCHYl2P7pqidfSRp5E4k=,npuba8jadtbbebfj222bp4pkv9a287cgaegeudmbgiiiq2u7t9zjxivx8ui4rej2vpkqnxsi34jm
5040,4jpo7VtMy3PLD3wwhQBdXAyGhTSM/lU+WgL6FGdjkzU=,npuba8jadtbbedtdw4hpmpgny68mb78dbbiamxqa3bwfgugr6xj8mibrwfdhnqjvm3t4cvy5biwk
5041,ZCMZW7NXbOX2+9SKJwtiGbhPjrCMo2kwJZy/t8irhKg=,npuba8jadtbbebucggk5ypmy33ry9rkiwj2mnin5sv6qycgkg4jseyqm9p8ixqcksdxi6827xiha
5042,4jBcOouJFNSDpJe0CJAKqsrv9mSLLpiLqmzXEHLqFmQ=,npuba8jadtbbedtdazb4tqetjxedwum5icesbkxnx59ynufu7gemxjypqedu7imgixe4t776shdb
5043,XQSnFrdO5fgOlystnPZqoygdNoZ9Ny5nEqbyciinWbg=,npuba8jadtbbebqsjj2yy7hqm8aqu6xu5hhypktushjys38vqmvhckvre6tiw7n5t9mm79vas2dq
5044,5kfW+GueTz4bTAPKJ4KrCqt42N4ea8TSlppaoYylfJw=,npuba8jadtbbedverxz2pqre8rs5jsb6wj6cxnfky8g252rgztguu4pfxinnwx8j2miu9zhre6xq
5045,23lRpe5E8ywq9+dZHfe0Rh30gGla818nYkdlH52zkHg=,npuba8jadtbbedpzuwpf73crgmbk89vxuhrzytdb57eapfprgz3hnjdykh67yqihtjj5mcgb7zct
5046,WpqvRyHEJBUThxJtm8lT/pbOcrHN18xXVXwYim/Hk98=,npuba8jadtbbebpjxm4hehccifivs6jg5g8jkr9jpvvuyhg7rvczkx8btcvr28j79isb6mgybm9d
5047,HL8H7tshiXryNwe/oiKYx21jmJo25MyB8xrFurvhgJ4=,npuba8jadtbbeaqm8b9q5ns2u8zug6d59itcvddy4262vi5qjveb8npnmqx56gaj6u3c965pi4kr
5048,H7Yq1SC7pO+BNTCHgf45l0ndSfWD5rPG6jZAJhVix+E=,npuba8jadtbbear5nkyxec74j56bgw2irar8hgmwvzkj8yb8pn8g7i5eajsxnmd8cvxewuw6284h
5049,VpWAdQ8tPikG01qQj0mq0OD8xFtI8squP2VKCcc/YA4=,npuba8jadtbbebmjmadxb6yv6kig4ppjbd4jxmiqb9gemperfuxqh7uwwcqhh7sa7yifiknnu39d
5050,LhM5mnzWL5R4HUHkz9oYDCldwoAgIRBVX6rJobxnW8M=,npuba8jadtbbeazbgqn4rvmc9fd2dxa8jv84dagcuzqcsasccecxm8xnvip6n7p6hnh8fz6tgreb
5051,NU8iHkuBP5lWRQKw+7ja38ZRtv/2b7y0FKSDEUu5wr0=,npuba8jadtbbea4w8is8jqav9gkyiwbmb8725mr6nwpy995g9rfwcuuigekmzhbm4sg6qmd7qd5f
5052,BCg3Q0rIEYhl9Ph2PL6XW2Pdiw6x9zYYQDiCgqfVLLA=,npuba8jadtbbeaccsp4djmebdcdf8v6hnrf8u7pyhznmb429qps2ia6ifaxh4wymbsv7cg8fwys2
5053,Kjo2aE5o11QOjvmaqlFnI/dNFRJBAxDNg4mDv3a/CLM=,npuba8jadtbbeaxdwpvij3wpqxaqt563xkutn6t9qvixcjasgegpsqe2hr5yz6emhvtudgdnyhfi
5054,kTcZUc2hJi5dVIAPCGuxxK7AaMMdzDVaVk50aYsvuxo=,npuba8jadtbbecivqgkt3ysunmu7kuaa8cdmyhck7sdi2nq62pk4k3hhi4nmf87twqcdpq3dxp38
5055,MbeVYM+65b9H/zVmqXeiqOtM5iHCr6FlTCLzmn4Vic8=,npuba8jadtbbea25rfma387qmr4h964ypkmzwkwqyvhgehbk9imfjstrhgv8cye69camgxvdezqr
5056,ZYy6+jwgaemEKdq/4yeANemXz3SWPZm1r9gsRmf79Lk=,npuba8jadtbbebu23qz4hssgv4nefhpm923hsa48vf8rqumd5gpxx9nc2tvh9r4muukd26zgux4k
5057,6ghnsu9QSXmwEFCqfDrQMw+34kF23OWT+ZREViPjbyE=,npuba8jadtbbedxas37u77ieu8pscbikw9b44a3s9p9cif5p33nv9gkeixtd6pzuc28sjwpncjxw
5058,7hweSrdk6o66DKDoWg8XcREUVb3fekN/Zx2QGKOE8C4=,npuba8jadtbbedzb2huky7uqxdx4busqsysrc72tcfcxzzrzws59n6q3agfdsv2c7tzawchb8wcs
5059,4DbBKNsJJrjxJeZw7wII0JXpKChlXrvczpyDjd3ABvs=,npuba8jadtbbedsdpsji5neupqhtezvhb52cbdijm4jifbux7q8634qihdq72adrytvk6gbu9s49
5060,YMSPZ4yx0wh4V4dKjdKmfbXzUCsXo2Si5DxqHal2QWo=,npuba8jadtbbebsnjd5htu27gcd2k8dwxdquw385m64sfnm4g3fc6s8gwhpjq3ayx4bcjzcxjdtq
5061,uD4g1993NuJ1p2isXbGrX97Q5YdqBX2cbOPTmfWn33w=,npuba8jadtbbec6d6igz575vp2vxw7wk2zptxpr77whfs7xak9n6pvt7hgrxw9rz3fn7ajb9mdhs
5062,CEGDvMtU1ZI0xNqT3ffikawvwbbuDhT9IEsWunciWz0=,npuba8jadtbbeaeeda763pkpmetw2vpjhzrz6ki42m8by5za6fh7ebftpqvzejpv53riyurm9q4g
5063,cTKizzquYv02yarlSRBXp5wL1z+m8RHTyqr17oeDskw=,npuba8jadtbbeb2vfiyrhkzgf9jy3gxqkuisk8v32c8zh8vrceqv3kxrm5whsq3e35igiu4ucekh
5064,TmABFqI892fNsbA9cfjOKrCPj2rD3ux7PYyb/GiKLRY=,npuba8jadtbbebhgaaiywi8rq38pyg2d46r232xmbd6rpmb775d5hygjz9ditiytnmvw46w6m7en